index,variant,figure,binding,pct_wt_binding
Bar0,WT,1,94.12780656,100
Bar6,P84S,1,82.38341969,87.52293578
Bar7,E110P,1,112.08981,119.0825688
Bar9,E160R,1,93.09153713,98.89908257
Bar11,H239Q,1,102.2452504,108.6238532
Bar12,Q306E,1,79.62003454,84.58715596
Bar15,K353H,1,3.281519862,3.486238532
Bar16,L359K,1,100.1727116,106.4220184
Bar19,R559S,1,84.11053541,89.35779817
Bar21,G603T,1,107.0811744,113.7614679
Bar0,WT,3,96.27192982,100
Bar2,K31D,3,1.973684211,2.050113896
Bar3,E37A,3,94.07894737,97.72209568
Bar4,D38A,3,90.13157895,93.62186789
Bar5,Y41A,3,11.62280702,12.07289294
Bar6,K68D,3,72.14912281,74.9430524
Bar7,R192D,3,88.37719298,91.79954442
Bar8,R219D,3,84.21052632,87.4715262
Bar9,K309A,3,100.2192982,104.1002277
Bar10,E312A,3,96.71052632,100.4555809
Bar11,T324A,3,94.95614035,98.63325741
Bar12,D350A,3,100.2192982,104.1002277
Bar13,K353A,3,3.50877193,3.644646925
Bar14,K353D,3,3.50877193,3.644646925
Bar15,D355A,3,19.51754386,20.27334852
Bar16,R357A,3,17.10526316,17.76765376
Bar17,L359A,3,104.1666667,108.2004556
Bar18,M383A,3,69.73684211,72.43735764
Bar19,P389A,3,80.26315789,83.3712984
Bar20,R393A,3,83.11403509,86.33257404