index,variant,fig1a,fig1c,fig2c,fig2d
Bar0,WT,100,100,100,100
Bar1,E22A,94.87179487,25.87548638,71.73913043,74.20634921
Bar2,E23A,75.14792899,21.20622568,73.51778656,65.87301587
Bar3,K26A,51.28205128,7.976653696,39.13043478,42.65873016
Bar4,D30A,56.80473373,7.782101167,44.2687747,30.35714286
Bar5,K31A,63.90532544,32.6848249,69.76284585,65.87301587
Bar6,H34A,91.91321499,49.80544747,74.90118577,75
Bar7,E35A,88.36291913,33.85214008,69.36758893,65.87301587
Bar8,E37A,73.37278107,31.71206226,81.81818182,75.1984127
Bar9,D38A,93.09664694,15.95330739,76.87747036,63.49206349
Bar10,E56A,70.21696252,7.782101167,66.00790514,32.73809524
Bar11,E57A,59.96055227,20.03891051,78.06324111,41.26984127
Bar12,K68A,96.05522682,95.13618677,98.41897233,106.7460317
Bar13,K74A,88.16568047,109.7276265,100.5928854,95.23809524
Bar14,E75A,100.9861933,85.79766537,100.5928854,104.1666667